<?xml version="1.0" encoding="UTF-8"?>
<project-private xmlns="http://www.netbeans.org/ns/project-private/1">
    <editor-bookmarks xmlns="http://www.netbeans.org/ns/editor-bookmarks/2" lastBookmarkId="0"/>
    <open-files xmlns="http://www.netbeans.org/ns/projectui-open-files/2">
        <group>
            <file>file:/C:/Users/arwar/Desktop/YouHeal_Project/GeneralHospitalProject/src/generalhospitalproject/Patient.java</file>
            <file>file:/C:/Users/arwar/Desktop/YouHeal_Project/GeneralHospitalProject/src/generalhospitalproject/Register.java</file>
            <file>file:/C:/Users/arwar/Desktop/YouHeal_Project/GeneralHospitalProject/src/generalhospitalproject/showDoctor.java</file>
            <file>file:/C:/Users/arwar/Desktop/YouHeal_Project/GeneralHospitalProject/src/generalhospitalproject/HomePage.java</file>
            <file>file:/C:/Users/arwar/Desktop/YouHeal_Project/GeneralHospitalProject/src/generalhospitalproject/GeneralHospitalProject.java</file>
            <file>file:/C:/Users/arwar/Desktop/YouHeal_Project/GeneralHospitalProject/src/generalhospitalproject/Prescription.java</file>
            <file>file:/C:/Users/arwar/Desktop/YouHeal_Project/GeneralHospitalProject/src/generalhospitalproject/Department.java</file>
            <file>file:/C:/Users/arwar/Desktop/YouHeal_Project/GeneralHospitalProject/src/YouHeal.sql</file>
            <file>file:/C:/Users/arwar/Desktop/YouHeal_Project/GeneralHospitalProject/src/generalhospitalproject/newPrescription.java</file>
            <file>file:/C:/Users/arwar/Desktop/YouHeal_Project/GeneralHospitalProject/src/generalhospitalproject/Doctor.java</file>
            <file>file:/C:/Users/arwar/Desktop/YouHeal_Project/GeneralHospitalProject/src/generalhospitalproject/Login.java</file>
            <file>file:/C:/Users/arwar/Desktop/YouHeal_Project/GeneralHospitalProject/src/generalhospitalproject/attendantInfo.java</file>
        </group>
    </open-files>
</project-private>
